{
    "betx": 103.19611233561282,
    "bety": 20.444509663791383,
    "gamx": 0.06282542431220199,
    "gamy": 0.06347829787134934,
    "alfx": -2.3416531649359467,
    "alfy": 0.5456946712877356,
    "dx": 1.3997312949332346,
    "dy": -0.0,
    "gamma0": 14.953,
    "beta0": 0.9977612801922929,
    "qx": 26.620000000077532,
    "qy": 26.579999999999988,
    "dqx": 0.672694788832473,
    "dqy": -0.6240000006485502
}