{
    "betx": 103.19611226044216,
    "bety": 20.444509663738717,
    "gamx": 0.06282542429393576,
    "gamy": 0.0634782978710893,
    "alfx": -2.341653163525056,
    "alfy": 0.5456946712798012,
    "dx": 1.3997312932690351,
    "dy": -0.0,
    "gamma0": 14.953,
    "beta0": 0.9977612801922929,
    "qx": 26.619999999807067,
    "qy": 26.580000000000044,
    "dqx": 0.6726983995264391,
    "dqy": -0.6239999998669532
}